,country,year,distance_tfidf_prime,distance_lda50_prime,distance_use_prime,distance_stm50_prime,distance_tfidf_sequence,distance_lda50_sequence,distance_use_sequence,distance_stm50_sequence
0,Afghanistan,1923,0.0,0.0,0.0,0.0,0.0,0.0,0.0,0.0
1,Afghanistan,1931,0.37417805000000004,0.4902039476655921,0.05512329385488757,0.1808094633307771,0.37417805194854736,0.4902039476655921,0.05512329385488757,0.1808094633307771
2,Afghanistan,1964,0.75420675,0.6928415433296135,0.18232785615068758,0.2218497420307351,0.7542533874511719,0.5053898462326978,0.12136388222739092,0.2218497420307351
3,Afghanistan,1977,0.74467352,0.6907967073496821,0.1654229579777029,0.3784317299014218,0.8657436668872834,0.4710059240661109,0.044959755821125214,0.3784317299014218
4,Afghanistan,1987,0.2910353,0.6895030924815537,0.16203497338694184,0.3616841112597044,0.4787416458129883,0.3419937438755142,0.02883925447151825,0.3616841112597044
5,Afghanistan,1990,0.29536090000000004,0.6907638323955906,0.16131267674390992,0.3581870362009718,0.019068002700805553,0.0518911955224008,0.0010666554803403505,0.3581870362009718
6,Afghanistan,2004,0.32702640000000005,0.6341485178259931,0.16696404413283683,0.3514579609186631,0.1135023832321167,0.3219303120614376,0.020810877744384393,0.3514579609186631
7,Albania,1925,0.0,0.0,0.0,0.0,0.0,0.0,0.0,0.0
8,Albania,1928,0.5678114599999999,0.4374733644279304,0.08287816714708862,0.5267450106989382,0.5678114593029022,0.4374733644279304,0.08287816714708862,0.5267450106989382
9,Albania,1939,0.79579364,0.4817110144791852,0.2788512704422639,0.5232538365040689,0.5205915868282318,0.3923760648520349,0.26861826120859833,0.5232538365040689
10,Albania,1946,0.67398733,0.5089265194710497,0.07704629644298444,0.6789351561541868,0.8541816771030426,0.4981875052776918,0.2394301385683577,0.6789351561541868
11,Albania,1976,0.8200042,0.8179101553172087,0.10120983229213731,0.8157146904322947,0.47088420391082764,0.4463411964333309,0.0718630223020964,0.8157146904322947
12,Albania,1998,0.68041515,0.7886223651372162,0.10210305916574491,0.7516435777685512,0.46432214975357056,0.6380719741774057,0.11559022060466129,0.7516435777685512
13,Algeria,1963,0.0,0.0,0.0,0.0,0.0,0.0,0.0,0.0
14,Algeria,1996,0.6501497,0.5368397261252649,0.13296872219689815,0.4839080208273268,0.6501497030258179,0.5368397261252649,0.13296872219689815,0.4839080208273268
15,Andorra,1993,0.0,0.0,0.0,0.0,0.0,0.0,0.0,0.0
16,Angola,1975,0.0,0.0,0.0,0.0,0.0,0.0,0.0,0.0
17,Angola,2010,0.3194342,0.5716225718386806,0.30541141344115164,0.489318411248492,0.3194342255592346,0.5716225718386806,0.30541141344115164,0.489318411248492
18,Antigua Barbuda,1981,0.0,0.0,0.0,0.0,0.0,0.0,0.0,0.0
19,Argentina,1819,0.0,0.0,0.0,0.0,0.0,0.0,0.0,0.0
20,Argentina,1826,0.5462225,0.2517267141378704,0.01458493451459042,0.2528335502521788,0.5462225079536438,0.2517267141378704,0.01458493451459042,0.2528335502521788
21,Argentina,1853,0.7900434000000001,0.7332571734270331,0.04393798903843904,0.4615407867845563,0.6385187804698944,0.6294806564273867,0.02295386473392602,0.4615407867845563
22,Armenia,1995,0.0,0.0,0.0,0.0,0.0,0.0,0.0,0.0
23,Armenia,2005,0.06148100000000001,0.122442635167816,0.03428096971807837,0.180413680912157,0.06148099899292003,0.122442635167816,0.03428096971807837,0.180413680912157
24,Armenia,2015,0.3716579,0.3777321982099107,0.0963556535249196,0.3529283473145776,0.32038670778274536,0.2966422121991586,0.04973571505331642,0.3529283473145776
25,Australia,1901,0.0,0.0,0.0,0.0,0.0,0.0,0.0,0.0
26,Austria,1920,0.0,0.0,0.0,0.0,0.0,0.0,0.0,0.0
27,Austria,1934,0.33546184999999995,0.1136503331920562,0.048903066903148384,0.4032904474061725,0.3354618549346924,0.1136503331920562,0.048903066903148384,0.4032904474061725
28,Azerbaijan,1991,0.0,0.0,0.0,0.0,0.0,0.0,0.0,0.0
29,Azerbaijan,1995,0.07052373999999995,0.4108837034454327,0.2212169311922415,0.3042171036422451,0.07052373886108398,0.4108837034454327,0.2212169311922415,0.3042171036422451
30,Azerbaijan,2009,0.06488720000000003,0.4113089213729315,0.2184261661046515,0.3062682625582456,0.05755728483200084,0.0472605663146128,0.0021486472373449805,0.3062682625582456
31,Bahamas,1973,0.0,0.0,0.0,0.0,0.0,0.0,0.0,0.0
32,Bahrain,1973,0.0,0.0,0.0,0.0,0.0,0.0,0.0,0.0
33,Bahrain,2002,0.894770525,0.471551186569334,0.05750339107525915,0.3427592014213194,0.8947705253958703,0.471551186569334,0.05750339107525915,0.3427592014213194
34,Bangladesh,1972,0.0,0.0,0.0,0.0,0.0,0.0,0.0,0.0
35,Barbados,1966,0.0,0.0,0.0,0.0,0.0,0.0,0.0,0.0
36,Belarus,1994,0.0,0.0,0.0,0.0,0.0,0.0,0.0,0.0
37,Belgium,1831,0.0,0.0,0.0,0.0,0.0,0.0,0.0,0.0
38,Belize,1981,0.0,0.0,0.0,0.0,0.0,0.0,0.0,0.0
39,Benin,1964,0.0,0.0,0.0,0.0,0.0,0.0,0.0,0.0
40,Benin,1970,0.4616207,0.3310841009976211,0.17009688304574977,0.2620452422150192,0.4616206884384155,0.3310841009976211,0.17009688304574977,0.2620452422150192
41,Benin,1990,0.914463624,0.5793712174704654,0.06045488795279297,0.3057685692763105,0.9566612243652344,0.4116058889818554,0.23379638178137319,0.3057685692763105
42,Bhutan,1953,0.0,0.0,0.0,0.0,0.0,0.0,0.0,0.0
43,Bhutan,2008,0.7397624,0.5798510482686507,0.42081452759073834,0.5631042137355383,0.7397623956203461,0.5798510482686507,0.42081452759073834,0.5631042137355383
44,Bolivia,1826,0.0,0.0,0.0,0.0,0.0,0.0,0.0,0.0
45,Bolivia,1831,0.4295181,0.1756898112360465,0.006509150755104831,0.0630173190704509,0.42951810359954834,0.1756898112360465,0.006509150755104831,0.0630173190704509
46,Bolivia,1843,0.6603439,0.3051427350271868,0.04646664347230678,0.1222651317497023,0.5570950210094452,0.2088427732377169,0.046960603105540843,0.1222651317497023
47,Bolivia,1851,0.58563495,0.3598206286470486,0.042276776015599205,0.146714012900113,0.551776111125946,0.2122105576651849,0.017415609686297184,0.146714012900113
48,Bolivia,1880,0.64350784,0.6997389749501381,0.031691375380696996,0.5184287389566611,0.6096152663230896,0.5539782381827383,0.055171400820548167,0.5184287389566611
49,Bolivia,1938,0.71847907,0.6881878619537358,0.04853243715479638,0.6310177787685658,0.6209458708763123,0.5106129528384783,0.015867955581682414,0.6310177787685658
50,Bolivia,1945,0.62108305,0.6955873396242322,0.041523904057030436,0.5764793596472917,0.4913850426673889,0.3303033410266863,0.007026529566910411,0.5764793596472917
51,Bolivia,1967,0.7270336,0.8240121157551725,0.09059580370205,0.7361188200522005,0.47272342443466187,0.4119225028608092,0.03586279748272303,0.7361188200522005
52,Bolivia,2009,0.85419834,0.8324257358728214,0.2543014484931583,0.8263893581878531,0.7971169352531433,0.6231011872251634,0.14073281733517762,0.8263893581878531
53,BosniaAndHerzegovina,1995,0.0,0.0,0.0,0.0,0.0,0.0,0.0,0.0
54,Botswana,1966,0.0,0.0,0.0,0.0,0.0,0.0,0.0,0.0
55,Brazil,1824,0.0,0.0,0.0,0.0,0.0,0.0,0.0,0.0
56,Brazil,1891,0.88681298,0.4572294408682359,0.058620367778417615,0.7149221457578789,0.8868129774928093,0.4572294408682359,0.058620367778417615,0.7149221457578789
57,Brazil,1937,0.80356976,0.7315590621039668,0.09775701326184383,0.7411997833224908,0.6277681589126587,0.5098210739438005,0.062110980510589164,0.7411997833224908
58,Brazil,1946,0.7983432,0.738967737812532,0.14678027667153237,0.7510031329809943,0.17390227317810059,0.1854832389526179,0.028109086991564447,0.7510031329809943
59,Brazil,1967,0.83801346,0.7487449476425054,0.1858561941710558,0.7714675011610662,0.11656200885772705,0.1812519920173884,0.013061004832883194,0.7714675011610662
60,Brazil,1988,0.902585074,0.8096354680364491,0.3015444523113866,0.8231224916992143,0.13883966207504272,0.3750032981091742,0.08375088947340636,0.8231224916992143
61,Bulgaria,1947,0.0,0.0,0.0,0.0,0.0,0.0,0.0,0.0
62,Bulgaria,1971,0.46723294000000004,0.4030430466495423,0.04643947126270398,0.2955285489225614,0.46723294258117676,0.4030430466495423,0.04643947126270398,0.2955285489225614
63,Bulgaria,1991,0.48781395000000005,0.6959209565901505,0.07318119922901622,0.5673320909691442,0.35259073972702026,0.6290983297696648,0.03729975286086096,0.5673320909691442
64,Burkina Faso,1960,0.0,0.0,0.0,0.0,0.0,0.0,0.0,0.0
65,Burkina Faso,1988,0.923918046,0.8322413362858245,0.23001554489984022,0.8129855665440731,0.9239180460572243,0.8322413362858245,0.23001554489984022,0.8129855665440731
66,Burkina Faso,1991,0.942904733,0.6662028209020739,0.11402864259473788,0.3562089015719371,0.5349808633327484,0.8003904552096498,0.12269864116403695,0.3562089015719371
67,Burundi,1962,0.0,0.0,0.0,0.0,0.0,0.0,0.0,0.0
68,Burundi,1974,0.41929185,0.5365899088218161,0.10679735540596835,0.6157018237589597,0.4192918539047241,0.5365899088218161,0.10679735540596835,0.6157018237589597
69,Burundi,1981,0.63710412,0.7293257721384628,0.09926820910090217,0.6772933263052449,0.2970004677772522,0.3470522745454438,0.04982319566357196,0.6772933263052449
70,Burundi,1992,0.838144,0.7299172262398749,0.11868007105600675,0.662228558169816,0.6084776520729065,0.2485098985229886,0.07505294305085963,0.662228558169816
71,Burundi,2004,0.80727927,0.7207043241992267,0.19330257870918222,0.7031164309152658,0.2633417248725891,0.2359041240908134,0.057881737053728455,0.7031164309152658
72,Burundi,2005,0.80956571,0.724733696732149,0.19198231492289397,0.710791939361174,0.1124657392501831,0.1414809469653453,0.002426331602696008,0.710791939361174
73,Cambodia,1947,0.0,0.0,0.0,0.0,0.0,0.0,0.0,0.0
74,Cambodia,1972,0.888758264,0.5031897603880783,0.06916978539258556,0.6217451939902118,0.8887582644820214,0.5031897603880783,0.06916978539258556,0.6217451939902118
75,Cambodia,1976,0.65595815,0.7801856611053375,0.31979154188108116,0.7604300587400612,0.9664022810757161,0.8142645821183572,0.32924543583805066,0.7604300587400612
76,Cambodia,1981,0.981131464,0.7643214826337542,0.10410687282544495,0.7269555975795408,0.9530612789094449,0.4490171228788636,0.27465494005179236,0.7269555975795408
77,Cambodia,1989,0.7017503700000001,0.705757152288709,0.08318567859545956,0.7109470694770634,0.806818425655365,0.2623136364055792,0.023239214013165976,0.7109470694770634
78,Cambodia,1993,0.69898394,0.5585419957654306,0.12160394612954684,0.5301366032001824,0.755066603422165,0.5754766375342685,0.1087644395898556,0.5301366032001824
79,Cameroon,1960,0.0,0.0,0.0,0.0,0.0,0.0,0.0,0.0
80,Cameroon,1961,0.90131079,0.8016318293104643,0.300576584180148,0.7636754461772388,0.9013107866048813,0.8016318293104643,0.300576584180148,0.7636754461772388
81,Cameroon,1972,0.978084853,0.7931868154666932,0.2929393088384198,0.7706839634937912,0.5547271966934204,0.4217296985902456,0.0759686945607968,0.7706839634937912
82,Canada,1791,0.0,0.0,0.0,0.0,0.0,0.0,0.0,0.0
83,Canada,1867,0.6815868,0.4692514915869393,0.08352512198706197,0.1278919017291304,0.6815868020057678,0.4692514915869393,0.08352512198706197,0.1278919017291304
84,Canada,2011,0.7058462,0.5359176454119414,0.1285695809563987,0.2274341764429412,0.11740618944168091,0.3065630942328212,0.0822756352937718,0.2274341764429412
85,Cape Verde,1980,0.0,0.0,0.0,0.0,0.0,0.0,0.0,0.0
86,Central African Republic,1981,0.0,0.0,0.0,0.0,0.0,0.0,0.0,0.0
87,Central African Republic,1994,0.5365651499999999,0.3305752188157286,0.04049405854217236,0.2802862218781656,0.5365651547908783,0.3305752188157286,0.04049405854217236,0.2802862218781656
88,Central African Republic,2004,0.44218135000000003,0.2221450458480336,0.05952772083462843,0.2967854818353398,0.37833642959594727,0.2312491909863522,0.01168329872758056,0.2967854818353398
89,Central African Republic,2013,0.90033621,0.5279137815393113,0.08802398684896484,0.6445700478782825,0.8680271059274673,0.3477771634490674,0.042554386797052035,0.6445700478782825
90,Chad,1960,0.0,0.0,0.0,0.0,0.0,0.0,0.0,0.0
91,Chad,1962,0.47899970000000003,0.3939476228720946,0.02928414476563701,0.2664992263094807,0.47899967432022095,0.3939476228720946,0.02928414476563701,0.2664992263094807
92,Chad,1996,0.65725252,0.454851216733575,0.11134987805474783,0.4762238859724454,0.6743612587451935,0.6971829148932153,0.06586432876727122,0.4762238859724454
93,Chile,1823,0.0,0.0,0.0,0.0,0.0,0.0,0.0,0.0
94,Chile,1828,0.79397774,0.2959910081145223,0.07768014817193158,0.3199340318932087,0.7939777374267578,0.2959910081145223,0.07768014817193158,0.3199340318932087
95,Chile,1833,0.7416948400000001,0.3320397880802792,0.04229899028894002,0.3525222468872455,0.3770323395729065,0.1494428943416656,0.02176484667315237,0.3525222468872455
96,Chile,1925,0.8655948,0.5671715137761447,0.03752434862843523,0.5375279595915785,0.7305136322975159,0.3580127480557415,0.012185989891980387,0.5375279595915785
97,Chile,1980,0.90222379,0.7365878833383216,0.08009136415263962,0.7432067824174732,0.49103349447250366,0.4928543175642015,0.08839278104502357,0.7432067824174732
98,China,1914,0.0,0.0,0.0,0.0,0.0,0.0,0.0,0.0
99,China,1923,0.974792164,0.523323644525089,0.18026564140709345,0.5660122324728557,0.9747921638190747,0.523323644525089,0.18026564140709345,0.5660122324728557
100,China,1947,0.934220076,0.6286643848563188,0.22975385343994137,0.6761496192222883,0.8621352910995483,0.5180628971480767,0.04640327675570399,0.6761496192222883
101,China,1949,0.987985624,0.8317391326029238,0.21211008402789022,0.8072252339697441,0.9222955033183098,0.6764204497244671,0.2337370846676694,0.8072252339697441
102,China,1954,0.991625514,0.7716577262717536,0.25875022330200137,0.7848705875074373,0.3344312906265259,0.2158106460823084,0.16619801627778852,0.7848705875074373
103,China,1975,0.9968478503,0.8319619736463721,0.25635265618898984,0.8272427672496568,0.3522898554801941,0.1675279455483443,0.1257904372170081,0.8272427672496568
104,China,1978,0.992954484,0.8321184282792599,0.28197831884983626,0.8277720969343002,0.17701959609985352,0.0646755289954226,0.06665995425493476,0.8277720969343002
105,China,1982,0.99040952,0.7993046241782078,0.31433921958679667,0.8012424749876922,0.25738775730133057,0.2072268228052861,0.07861729275993079,0.8012424749876922
106,Colombia,1811,0.0,0.0,0.0,0.0,0.0,0.0,0.0,0.0
107,Colombia,1830,0.84710704,0.5011886534405836,0.06881881151530878,0.8220312078224995,0.8471070379018784,0.5011886534405836,0.06881881151530878,0.8220312078224995
108,Colombia,1832,0.77933651,0.5368920458750998,0.07409678818375676,0.8233924249823517,0.6688359975814819,0.1310286992168447,0.032222916243216604,0.8233924249823517
109,Colombia,1843,0.74995428,0.5454429131679981,0.06224624039984483,0.8253515985054536,0.12121164798736572,0.0720960489701451,0.012969931716049987,0.8253515985054536
110,Colombia,1853,0.6650104,0.5605045262731623,0.13011938352472563,0.8213637955623894,0.25915277004241943,0.216971404473518,0.08587727776733445,0.8213637955623894
111,Colombia,1858,0.84283799,0.6285435596277824,0.10936044495524888,0.8171294246918936,0.8106006532907486,0.3462197059503148,0.048777810120320786,0.8171294246918936
112,Colombia,1863,0.8451645999999999,0.5677320026281472,0.06885510404047879,0.790152645185424,0.7819316387176514,0.3216337540610497,0.04259417840335278,0.790152645185424
113,Colombia,1886,0.879570246,0.5815525262337136,0.08594248513289038,0.8194178447046442,0.5703354179859161,0.3240752764457519,0.06821307914562957,0.8194178447046442
114,Colombia,1991,0.88412109,0.7138076110276954,0.26697449600241996,0.829414264701798,0.6546491980552673,0.6660839056996257,0.16425368460192025,0.829414264701798
115,Comoros,1996,0.0,0.0,0.0,0.0,0.0,0.0,0.0,0.0
116,Comoros,2001,0.6220859000000001,0.3340164079975937,0.12190675634187309,0.4709765494524994,0.6220858991146088,0.3340164079975937,0.12190675634187309,0.4709765494524994
117,Congo,1963,0.0,0.0,0.0,0.0,0.0,0.0,0.0,0.0
118,Congo,1979,0.56628576,0.5362755423911698,0.03228650011629097,0.4948687218005706,0.5662857592105865,0.5362755423911698,0.03228650011629097,0.4948687218005706
119,Congo,1992,0.60663718,0.619974435309979,0.0678207143829912,0.4549638633158852,0.4051287770271301,0.4681492770919425,0.07169515008544836,0.4549638633158852
120,Congo,2001,0.6311471200000001,0.6180459342045737,0.058956864413594046,0.48788692893138,0.3312515616416931,0.1235951967552569,0.007718963697736947,0.48788692893138
121,Costa Rica,1848,0.0,0.0,0.0,0.0,0.0,0.0,0.0,0.0
122,Costa Rica,1871,0.68339023,0.2619140807058625,0.023207804200843563,0.1858532057209933,0.6833902299404144,0.2619140807058625,0.023207804200843563,0.1858532057209933
123,Costa Rica,1917,0.41293650000000004,0.3267521521972432,0.09863724191158996,0.545030988700632,0.7205008268356323,0.363667498110483,0.09668002435110801,0.545030988700632
124,Costa Rica,1949,0.28699509999999995,0.6030793325894068,0.09255042758723242,0.7222645228056835,0.43440133333206177,0.522114947544871,0.023150975366733828,0.7222645228056835
125,Croatia,1991,0.0,0.0,0.0,0.0,0.0,0.0,0.0,0.0
126,Cuba,1940,0.0,0.0,0.0,0.0,0.0,0.0,0.0,0.0
127,Cuba,1959,0.41931130000000005,0.1974396363040445,0.07420790108687159,0.239335592928835,0.4193112850189209,0.1974396363040445,0.07420790108687159,0.239335592928835
128,Cuba,1976,0.6394616399999999,0.6627909884993025,0.16069391409183897,0.6541696115635492,0.6198607087135315,0.6529743550158847,0.07525410212869843,0.6541696115635492
129,Cyprus,1960,0.0,0.0,0.0,0.0,0.0,0.0,0.0,0.0
130,Czech Republic,1993,0.0,0.0,0.0,0.0,0.0,0.0,0.0,0.0
131,Democratic Republic of the Congo,1964,0.0,0.0,0.0,0.0,0.0,0.0,0.0,0.0
132,Democratic Republic of the Congo,1967,0.968296032,0.4304962004063014,0.13045934251821556,0.6537452537611925,0.9682960323989392,0.4304962004063014,0.13045934251821556,0.6537452537611925
133,Democratic Republic of the Congo,2003,0.63597584,0.5200939429686819,0.02690272665389304,0.5096924113033193,0.9470367655158043,0.5299211037590964,0.10225054768623465,0.5096924113033193
134,Democratic Republic of the Congo,2005,0.39511229999999997,0.4987732769737752,0.013499296129334426,0.444858741901974,0.3270394206047058,0.2944059343140949,0.024805808023007025,0.444858741901974
135,Denmark,1866,0.0,0.0,0.0,0.0,0.0,0.0,0.0,0.0
136,Denmark,1953,0.92254569,0.5883016321873852,0.0685756049556584,0.4097802848529133,0.9225456863641739,0.5883016321873852,0.0685756049556584,0.4097802848529133
137,Djibouti,1977,0.0,0.0,0.0,0.0,0.0,0.0,0.0,0.0
138,Djibouti,1992,0.61920246,0.4410730471534441,0.2485869338323755,0.2884652440926529,0.6192024648189545,0.4410730471534441,0.2485869338323755,0.2884652440926529
139,Dominica,1978,0.0,0.0,0.0,0.0,0.0,0.0,0.0,0.0
140,Dominican Republic,1821,0.0,0.0,0.0,0.0,0.0,0.0,0.0,0.0
141,Dominican Republic,1858,0.91808605,0.3580853916653842,0.15414830330685525,0.5089551290326193,0.918086051940918,0.3580853916653842,0.15414830330685525,0.5089551290326193
142,Dominican Republic,1934,0.92407499,0.480822363264976,0.30298977625695644,0.6687679161456462,0.45098114013671875,0.5165909187359766,0.3428889773705618,0.6687679161456462
143,Dominican Republic,1942,0.87820108,0.5363880932449339,0.1309881240976084,0.6448244985774958,0.607084721326828,0.248182087187676,0.31287199007639255,0.6448244985774958
144,Dominican Republic,1947,0.8506692499999999,0.6402688548385057,0.14273694170723572,0.7113764613225397,0.27669715881347656,0.3461921379824116,0.011954653362060808,0.7113764613225397
145,Dominican Republic,1955,0.916049644,0.6337758020268699,0.16592007680792742,0.7062910094595165,0.20581752061843872,0.1469428580356629,0.014455891465917636,0.7062910094595165
146,Dominican Republic,1962,0.89425686,0.6294713295307681,0.16419015148566785,0.7141672041232234,0.19937407970428467,0.182545612200557,0.004459549463868395,0.7141672041232234
147,Dominican Republic,1963,0.89715735,0.6575193390703622,0.19322453018081354,0.7124812898496008,0.4499245285987854,0.3872821633949858,0.03143939343289204,0.7124812898496008
148,Dominican Republic,1966,0.905466,0.6354182014029891,0.1721309456789678,0.7138082566713689,0.4465184807777405,0.4046981220986976,0.01918941832063481,0.7138082566713689
149,Dominican Republic,1994,0.8972207,0.6323138968902962,0.1796464616031863,0.7136526586043043,0.12163734436035156,0.2637242865570598,0.004744946992822352,0.7136526586043043
150,Dominican Republic,2002,0.89736469,0.632201288122876,0.18513943290853352,0.7417105069564065,0.0024597644805908203,0.0155029118530291,0.0008181238804177982,0.7417105069564065
151,Dominican Republic,2010,0.89906949,0.717130328789791,0.2460374263798787,0.8191445485573818,0.5024362504482269,0.5530997372908891,0.10117837620189729,0.8191445485573818
152,East Timor,2002,0.0,0.0,0.0,0.0,0.0,0.0,0.0,0.0
153,Ecuador,1830,0.0,0.0,0.0,0.0,0.0,0.0,0.0,0.0
154,Ecuador,1869,0.919044465,0.514237878907873,0.1051388814595745,0.4357134234047142,0.9190444648265839,0.514237878907873,0.1051388814595745,0.4357134234047142
155,Ecuador,1884,0.91058015,0.4722106030692732,0.10440178908349562,0.4586299101232332,0.4507407546043396,0.1675200457285394,0.01573382706257076,0.4586299101232332
156,Ecuador,1897,0.65941414,0.4846239219448879,0.11188102412607337,0.5831950957661591,0.7774165570735931,0.5439916073944137,0.015265235635274377,0.5831950957661591
157,Ecuador,1906,0.92902726,0.5130045802709439,0.11371430103724756,0.4738016129725245,0.8164824843406678,0.5551358949261701,0.01117374415892658,0.4738016129725245
158,Ecuador,1946,0.6136187,0.5153659690104536,0.18340743164537743,0.6866397374001184,0.8238048404455185,0.4442653893438711,0.058243417239066786,0.6866397374001184
159,Ecuador,1967,0.6030409299999999,0.593716720853063,0.20100410529508606,0.7950953850763056,0.28768491744995117,0.4096281011776585,0.018663253251213208,0.7950953850763056
160,Ecuador,1978,0.79422975,0.6632846090818073,0.15642465038834408,0.7848033444323265,0.704309493303299,0.3038927864681577,0.044180832662861214,0.7848033444323265
161,Ecuador,1997,0.73656073,0.620755517379693,0.1945003123499991,0.7721058546896081,0.23773682117462158,0.1898226918601555,0.023858484487524034,0.7721058546896081
162,Ecuador,1998,0.80919027,0.6886542774014144,0.24186666926061684,0.7556376472028165,0.22196537256240845,0.1553386455342621,0.04445822120142762,0.7556376472028165
163,Ecuador,2008,0.53635955,0.7819215177363642,0.2965751181906755,0.7237390222380901,0.6824782192707062,0.2346430834760609,0.062246414529790406,0.7237390222380901
164,Egypt,1923,0.0,0.0,0.0,0.0,0.0,0.0,0.0,0.0
165,Egypt,1956,0.68032724,0.548310928737294,0.07823799382712315,0.7750710624742156,0.6803272366523743,0.548310928737294,0.07823799382712315,0.7750710624742156
166,Egypt,1971,0.58341786,0.5429746229553951,0.0736022801279056,0.7315017050612664,0.6152597069740295,0.2857882146471585,0.033724509594097785,0.7315017050612664
167,Egypt,2012,0.8400467,0.7499717866041425,0.1293619027971039,0.7863618015887229,0.7759562581777573,0.6150228954333294,0.07914359659105885,0.7863618015887229
168,Egypt,2014,0.79120411,0.7955455535994578,0.16491743891009336,0.8225388845798219,0.43387264013290405,0.1663933328083481,0.017709471046005953,0.8225388845798219
169,El Salvador,1824,0.0,0.0,0.0,0.0,0.0,0.0,0.0,0.0
170,El Salvador,1841,0.5937299,0.3812717064165759,0.08766076062457995,0.4776146647675586,0.5937299132347107,0.3812717064165759,0.08766076062457995,0.4776146647675586
171,El Salvador,1871,0.7059929,0.4198541276087178,0.14285658502835574,0.5664079982241728,0.5943433940410614,0.3749782635429071,0.050821240870908446,0.5664079982241728
172,El Salvador,1872,0.7235966300000001,0.3960190471201041,0.1379515965854945,0.5621642052788428,0.1318596601486206,0.0849902305309352,0.005731773392068207,0.5621642052788428
173,El Salvador,1880,0.64530888,0.3387733571421253,0.13226847502355243,0.5655764368248666,0.26672548055648804,0.095610515395045,0.003960134599532816,0.5655764368248666
174,El Salvador,1883,0.77070539,0.3276405163699782,0.12847524199474059,0.5628018701583004,0.3513152003288269,0.0165032066036088,0.0045366497561587504,0.5628018701583004
175,El Salvador,1886,0.71190965,0.3362015861628126,0.14139038780029334,0.5653014478305086,0.18302029371261597,0.1168704353042904,0.011713119496163382,0.5653014478305086
176,El Salvador,1939,0.67251414,0.4140824007254237,0.21319426246689233,0.6478337338045689,0.29390066862106323,0.3665697095118089,0.0542409885979348,0.6478337338045689
177,El Salvador,1950,0.70545837,0.5111833056944656,0.21277711235544505,0.5781691683711179,0.5644382238388062,0.3551769735899979,0.013742226324504614,0.5781691683711179
178,Equatorial Guinea,1968,0.0,0.0,0.0,0.0,0.0,0.0,0.0,0.0
179,Equatorial Guinea,1973,0.37257229999999997,0.4756206993229406,0.058405414536913836,0.528036609551694,0.37257230281829834,0.4756206993229406,0.058405414536913836,0.528036609551694
180,Equatorial Guinea,1982,0.53358993,0.5452044448257138,0.098516111957206,0.528101446597608,0.46893393993377686,0.3779503079883074,0.12956981154232072,0.528101446597608
181,Equatorial Guinea,1991,0.44993055000000004,0.5568103196999213,0.05813516423138598,0.4562273142271769,0.24124985933303833,0.296436764358486,0.03686486004176659,0.4562273142271769
182,Eritrea,1997,0.0,0.0,0.0,0.0,0.0,0.0,0.0,0.0
183,Estonia,1920,0.0,0.0,0.0,0.0,0.0,0.0,0.0,0.0
184,Estonia,1937,0.956656273,0.4368599398995548,0.20961234394703698,0.4456513653419309,0.9566562734544278,0.4368599398995548,0.20961234394703698,0.4456513653419309
185,Estonia,1978,0.997452524,0.8121610447977176,0.21001170450365103,0.8304112719335442,0.7535595446825027,0.8236405572850501,0.12450154926230961,0.8304112719335442
186,Estonia,1992,0.984250495,0.6160921444776427,0.13966905649871086,0.3538483972972984,0.8648189157247543,0.8323889308301613,0.07452116606906156,0.3538483972972984
187,Ethiopia,1931,0.0,0.0,0.0,0.0,0.0,0.0,0.0,0.0
188,Ethiopia,1955,0.09197319999999998,0.2395621407852246,0.2737777946359312,0.2434115270962546,0.0919731855392456,0.2395621407852246,0.2737777946359312,0.2434115270962546
189,Ethiopia,1987,0.85494536,0.8315983035390926,0.3105801804348113,0.8259451545472805,0.8747292459011078,0.8103795625745615,0.10125478685369804,0.8259451545472805
190,Ethiopia,1994,0.8037003,0.7864164800222966,0.3380186079292319,0.7723030644717425,0.5872872769832611,0.5319763715451605,0.06665277750537335,0.7723030644717425
191,Fiji,1970,1.0799999999977494e-05,0.0,0.0,0.0,0.0,0.0,0.0,0.0
192,Fiji,1990,0.10318499999999997,0.2383058566536333,0.006937607520058453,0.281987423684151,0.10318499803543091,0.2383058566536333,0.006937607520058453,0.281987423684151
193,Fiji,1997,0.14833529999999995,0.5333433421010401,0.026319538077125837,0.6465116040376815,0.07090985774993896,0.3650020533660717,0.015834041445988434,0.6465116040376815
194,Fiji,2013,0.19016429999999995,0.7049377386182532,0.022008609707786397,0.668564555126037,0.1833338737487793,0.3361888100739863,0.02969143290102838,0.668564555126037
195,Finland,1919,0.0,0.0,0.0,0.0,0.0,0.0,0.0,0.0
196,Finland,1999,0.57220447,0.6697153824178694,0.07969810884841044,0.5678395400919026,0.5722044706344604,0.6697153824178694,0.07969810884841044,0.5678395400919026
197,France,1791,0.0,0.0,0.0,0.0,0.0,0.0,0.0,0.0
198,France,1793,0.69665942,0.3580941719913568,0.21072274013545755,0.311793675492776,0.6966594159603119,0.3580941719913568,0.21072274013545755,0.311793675492776
199,France,1795,0.91415989,0.2975795817320749,0.038933197101017614,0.5755074995426792,0.8718138486146927,0.3776647146505046,0.19194971870814714,0.5755074995426792
200,France,1799,0.92260252,0.4283565890304912,0.2012903537666143,0.5730600559128807,0.8175832033157349,0.3661985064621911,0.16550420153322876,0.5730600559128807
201,France,1802,0.970049215,0.6098441249993843,0.24340555023493593,0.5777303536974792,0.5643069446086884,0.5197820990018895,0.08054597292691201,0.5777303536974792
202,France,1804,0.93770856,0.6715120177823272,0.08300005998148141,0.5847625378811586,0.7177444398403168,0.2363354705425611,0.192334293236873,0.5847625378811586
203,France,1814,0.62223396,0.508074091511249,0.18795088749780875,0.5020335570893186,0.954809244722128,0.6783344349707704,0.17183584350458436,0.5020335570893186
204,France,1830,0.66514352,0.5105171948002104,0.21458558713020182,0.5054160103467819,0.26251161098480225,0.1860109048089897,0.06783887313182124,0.5054160103467819
205,France,1848,0.83226296,0.5119757552888624,0.1479342584243336,0.5961428342418638,0.8332754522562027,0.6210983084265455,0.12412217261891378,0.5961428342418638
206,France,1852,0.9393232499999999,0.6194270822085648,0.3607798161594684,0.6153121327541019,0.6874270439147949,0.512612094483223,0.19802319885575692,0.6153121327541019
207,France,1875,0.952185974,0.6801223021854963,0.3097860155413247,0.6722875599530268,0.817675769329071,0.517983849767092,0.18434835385258896,0.6722875599530268
208,France,1946,0.84147218,0.7225219601788404,0.12411266161522028,0.7183441142985422,0.8894930183887482,0.494947174798548,0.21604158856087785,0.7183441142985422
209,France,1958,0.949877832,0.7909664185842936,0.15066777446351287,0.7793876021200083,0.6795998811721802,0.4411395457186359,0.036376267836410014,0.7793876021200083
210,Gabon,1961,0.0,0.0,0.0,0.0,0.0,0.0,0.0,0.0
211,Gabon,1975,0.4234091,0.3073041140195917,0.010045618370294829,0.1922943757311001,0.423409104347229,0.3073041140195917,0.010045618370294829,0.1922943757311001
212,Gabon,1991,0.4891552,0.4804033684633875,0.04982322841619924,0.3009326255068043,0.2754310369491577,0.347835837281309,0.040126903805568825,0.3009326255068043
213,Gambia,1970,0.0,0.0,0.0,0.0,0.0,0.0,0.0,0.0
214,Gambia,1996,0.12057410000000002,0.5963252086910432,0.048659747516943574,0.5350633565305641,0.12057411670684814,0.5963252086910432,0.048659747516943574,0.5350633565305641
215,Georgia,1995,0.0,0.0,0.0,0.0,0.0,0.0,0.0,0.0
216,Germany,1871,0.0,0.0,0.0,0.0,0.0,0.0,0.0,0.0
217,Germany,1919,0.34849280000000005,0.5518588083382516,0.03364362066196702,0.1039359939700892,0.3484928011894226,0.5518588083382516,0.03364362066196702,0.1039359939700892
218,Ghana,1954,0.0,0.0,0.0,0.0,0.0,0.0,0.0,0.0
219,Ghana,1957,0.59887478,0.0249173549212307,0.029049411784315637,0.2609760041996718,0.5988747775554657,0.0249173549212307,0.029049411784315637,0.2609760041996718
220,Ghana,1960,0.93697203,0.6050294574549233,0.19850948364339505,0.7087335060653472,0.29652559757232666,0.599890478390335,0.16657701791424195,0.7087335060653472
221,Ghana,1969,0.939896755,0.6783192554117452,0.11902894252572838,0.7582721788945452,0.20952445268630981,0.3649622061183846,0.2122327457903469,0.7582721788945452
222,Ghana,1992,0.949945394,0.7515013291175241,0.18310929656514563,0.8000339689100595,0.07550734281539917,0.4053584365872095,0.035591461444419825,0.8000339689100595
223,Great Colombia,1821,0.0,0.0,0.0,0.0,0.0,0.0,0.0,0.0
224,Greece,1952,0.0,0.0,0.0,0.0,0.0,0.0,0.0,0.0
225,Greece,1968,0.36190009999999995,0.3257882380479333,0.039663475700492,0.1866450784691156,0.36190009117126465,0.3257882380479333,0.039663475700492,0.1866450784691156
226,Greece,1975,0.4768616,0.4522115445021984,0.09285140850576656,0.393202163954527,0.3452904224395752,0.2968956413120306,0.03490967336008943,0.393202163954527
227,Grenada,1974,0.0,0.0,0.0,0.0,0.0,0.0,0.0,0.0
228,Guatemala,1879,0.0,0.0,0.0,0.0,0.0,0.0,0.0,0.0
229,Guatemala,1945,0.6112143,0.5384323196029086,0.15380799252370547,0.5712561665938632,0.6112143099308014,0.5384323196029086,0.15380799252370547,0.5712561665938632
230,Guatemala,1956,0.5759725,0.5054259339583915,0.15068844264115533,0.6307108308385138,0.40857309103012085,0.324644842861169,0.01145589513399381,0.6307108308385138
231,Guatemala,1965,0.60303438,0.5744134482050014,0.18614307331749347,0.6647933125569396,0.29290449619293213,0.3001827875228488,0.0402609588460312,0.6647933125569396
232,Guatemala,1985,0.6382606,0.6007265996197373,0.21520880825033117,0.7633975160268764,0.34519875049591064,0.2804953995478689,0.016869187316653655,0.7633975160268764
233,Guinea,1958,0.0,0.0,0.0,0.0,0.0,0.0,0.0,0.0
234,Guinea,1982,0.54278666,0.6973360597740736,0.1870910690142915,0.4973295398685413,0.5427866578102112,0.6973360597740736,0.1870910690142915,0.4973295398685413
235,Guinea,1990,0.51393634,0.5167026240644496,0.2413104648354346,0.3274563757952489,0.7214504778385162,0.5580625075311326,0.08417280422600082,0.3274563757952489
236,Guinea,2010,0.77952334,0.7022314115476659,0.3118616537266323,0.5637417639456636,0.5530702471733093,0.252602855770734,0.04724109506108842,0.5637417639456636
237,Guinea Bissau,1973,0.0,0.0,0.0,0.0,0.0,0.0,0.0,0.0
238,Guinea Bissau,1984,0.56299728,0.3782440967426927,0.18064799616877902,0.2525204353926464,0.5629972815513611,0.3782440967426927,0.18064799616877902,0.2525204353926464
239,Guinea Bissau,1996,0.30601924999999996,0.5297285902351461,0.22168167545358886,0.3646287390201402,0.5377940237522125,0.391753169747427,0.026912703429419427,0.3646287390201402
240,Guyana,1966,0.0,0.0,0.0,0.0,0.0,0.0,0.0,0.0
241,Guyana,1970,0.07890140000000001,0.2127311354105742,0.016569125987919597,0.3675435337045274,0.07890141010284424,0.2127311354105742,0.016569125987919597,0.3675435337045274
242,Guyana,1980,0.08124229999999999,0.2247946762653031,0.03330747769478637,0.3902892155964516,0.006131887435913197,0.0720004164059505,0.009140552754731801,0.3902892155964516
243,Haiti,1801,0.0,0.0,0.0,0.0,0.0,0.0,0.0,0.0
244,Haiti,1805,0.950351603,0.596134817326137,0.10950395139256308,0.7088489924616366,0.9503516033291817,0.596134817326137,0.10950395139256308,0.7088489924616366
245,Haiti,1806,0.951455858,0.6085101372572619,0.16020927840233556,0.7022760605373982,0.030654549598693848,0.065094380437936,0.035214985384294795,0.7022760605373982
246,Haiti,1811,0.952202067,0.65626648473471,0.1996351226038542,0.6725138191628561,0.7877517342567444,0.5822436054119365,0.12382336948330963,0.6725138191628561
247,Haiti,1889,0.85567507,0.484855137014226,0.12773495017689773,0.5651745336775102,0.893957793712616,0.6084728409780138,0.24819829803479965,0.5651745336775102
248,Haiti,1950,0.86921391,0.4831838420452644,0.15622589137739107,0.6163463523386337,0.23845070600509644,0.3040500722229189,0.012391488396848782,0.6163463523386337
249,Haiti,1964,0.96735853,0.5619662454537944,0.17217394220379678,0.7160002182559305,0.3856203556060791,0.4319552487510705,0.020384148609778774,0.7160002182559305
250,Haiti,1983,0.951378644,0.6253621959240928,0.17974227929100794,0.7291914940151252,0.26082324981689453,0.2132982848075209,0.006800457921587788,0.7291914940151252
251,Haiti,1987,0.965195738,0.6442093941441482,0.21983495894891036,0.7477098097557849,0.37892502546310425,0.2132619628988699,0.027225602045933606,0.7477098097557849
252,Honduras,1839,0.0,0.0,0.0,0.0,0.0,0.0,0.0,0.0
253,Honduras,1848,0.5450101199999999,0.1865814478276189,0.025049385323883233,0.1795426931768912,0.54501011967659,0.1865814478276189,0.025049385323883233,0.1795426931768912
254,Honduras,1880,0.6689710600000001,0.315839471748977,0.028490552230461597,0.3402392272800202,0.8312210738658905,0.3310399685178541,0.04860954384962923,0.3402392272800202
255,Honduras,1894,0.76586334,0.6364779338742529,0.03259395677704535,0.6361348956111761,0.7670623660087585,0.4196936763556071,0.03617106510739121,0.6361348956111761
256,Honduras,1904,0.80675434,0.6908285453808395,0.033850773342705254,0.5879241255601502,0.395074725151062,0.1609171724907451,0.005393826030297588,0.5879241255601502
257,Honduras,1924,0.75976498,0.4872842298964694,0.049280405344205636,0.6280322528270622,0.46467655897140503,0.4402866850325334,0.017679725264782786,0.6280322528270622
258,Honduras,1936,0.80433579,0.513446482825336,0.05486139471033358,0.6453722861891341,0.26968836784362793,0.0545769643006254,0.003238284039084993,0.6453722861891341
259,Honduras,1957,0.83354987,0.6923788094774753,0.14294360764416114,0.7323932734344598,0.7621186822652817,0.4488347609969781,0.06956459699697637,0.7323932734344598
260,Honduras,1982,0.79385018,0.6974225548849534,0.16405236472899976,0.7471085341332077,0.37808358669281006,0.2463175346500752,0.013073389568730387,0.7471085341332077
261,Hungary,1919,0.0,0.0,0.0,0.0,0.0,0.0,0.0,0.0
262,Hungary,1920,0.89239232,0.7773782540336206,0.21583030060393982,0.7744447283143141,0.892392322421074,0.7773782540336206,0.21583030060393982,0.7744447283143141
263,Hungary,1946,0.8355224,0.7797755250951094,0.260531902180242,0.7518505905561733,0.4953956604003906,0.5395991377068594,0.08112439279714623,0.7518505905561733
264,Hungary,1949,0.79858883,0.4816676278445719,0.10426655588859524,0.6340434132314744,0.33626115322113037,0.7206761218132091,0.19502235437200366,0.6340434132314744
265,Hungary,2011,0.89911157,0.7005701910354478,0.18755621869294137,0.8109472080283622,0.5968180894851685,0.5266670689199014,0.13536616854076988,0.8109472080283622
266,Iceland,1874,0.0,0.0,0.0,0.0,0.0,0.0,0.0,0.0
267,Iceland,1920,0.924215734,0.4250903342116153,0.03388289082381757,0.286925860632902,0.9242157340049744,0.4250903342116153,0.03388289082381757,0.286925860632902
268,Iceland,1944,0.10807089999999997,0.5267402303701273,0.07845416700177199,0.4330699401384672,0.9751275554299355,0.2042226295423746,0.06646105184106144,0.4330699401384672
269,India,1949,0.0,0.0,0.0,0.0,0.0,0.0,0.0,0.0
270,Indonesia,1945,0.0,0.0,0.0,0.0,0.0,0.0,0.0,0.0
271,Indonesia,2002,0.71703702,0.6786587482393588,0.19458490456913602,0.3957574641460813,0.7170370221138,0.6786587482393588,0.19458490456913602,0.3957574641460813
272,Iran,1906,0.0,0.0,0.0,0.0,0.0,0.0,0.0,0.0
273,Iran,1979,0.96267314,0.7398105907965019,0.30092661054330305,0.637183701213513,0.9626731388270855,0.7398105907965019,0.30092661054330305,0.637183701213513
274,Iraq,1925,0.0,0.0,0.0,0.0,0.0,0.0,0.0,0.0
275,Iraq,2005,0.382343,0.733563603928421,0.08871265424481345,0.7170542338053906,0.38234299421310425,0.733563603928421,0.08871265424481345,0.7170542338053906
276,Ireland,1922,0.0,0.0,0.0,0.0,0.0,0.0,0.0,0.0
277,Ireland,1937,0.20088094,0.4712997391049063,0.06430215029366704,0.4213127210554021,0.20088094472885132,0.4712997391049063,0.06430215029366704,0.4213127210554021
278,Israel,1958,0.0,0.0,0.0,0.0,0.0,0.0,0.0,0.0
279,Italy,1848,0.0,0.0,0.0,0.0,0.0,0.0,0.0,0.0
280,Italy,1947,0.68768293,0.6413175282234278,0.16672443676035054,0.6248335620728244,0.6876829266548157,0.6413175282234278,0.16672443676035054,0.6248335620728244
281,Jamaica,1962,0.0,0.0,0.0,0.0,0.0,0.0,0.0,0.0
282,Japan,1889,0.0,0.0,0.0,0.0,0.0,0.0,0.0,0.0
283,Japan,1946,0.5239343599999999,0.4181695081631505,0.11767798307345256,0.5253482197380424,0.5239343643188477,0.4181695081631505,0.11767798307345256,0.5253482197380424
284,Jordan,1946,0.0,0.0,0.0,0.0,0.0,0.0,0.0,0.0
285,Jordan,1952,0.41448282999999997,0.2938734454637541,0.052688430627105154,0.4101811635016479,0.41448283195495605,0.2938734454637541,0.052688430627105154,0.4101811635016479
286,Kazakhstan,1995,0.0,0.0,0.0,0.0,0.0,0.0,0.0,0.0
287,Kenya,1963,0.0,0.0,0.0,0.0,0.0,0.0,0.0,0.0
288,Kenya,2010,0.28501433,0.8112244864450219,0.0406062309191334,0.5975314004966898,0.2850143313407898,0.8112244864450219,0.0406062309191334,0.5975314004966898
289,Kiribati,1979,0.0,0.0,0.0,0.0,0.0,0.0,0.0,0.0
290,Kosovo,2008,0.0,0.0,0.0,0.0,0.0,0.0,0.0,0.0
291,Kuwait,1962,0.0,0.0,0.0,0.0,0.0,0.0,0.0,0.0
292,Kyrgyz,1993,0.0,0.0,0.0,0.0,0.0,0.0,0.0,0.0
293,Kyrgyz,2007,0.6385622,0.2638094084169248,0.04624437608064402,0.3247114977210592,0.6385622024536133,0.2638094084169248,0.04624437608064402,0.3247114977210592
294,Kyrgyz,2010,0.57895488,0.3249445684551628,0.03777720226497161,0.3050056990588273,0.06554478406906117,0.240440822687436,0.006319831312006419,0.3050056990588273
295,Laos,1947,0.0,0.0,0.0,0.0,0.0,0.0,0.0,0.0
296,Laos,1991,0.976955174,0.7268000388750603,0.16342441860642964,0.7646634819108346,0.9769551735371352,0.7268000388750603,0.16342441860642964,0.7646634819108346
297,Latvia,1919,0.0,0.0,0.0,0.0,0.0,0.0,0.0,0.0
298,Latvia,1922,0.948687907,0.6986585109507066,0.26251183466186234,0.6251265282579764,0.9486879073083401,0.6986585109507066,0.26251183466186234,0.6251265282579764
299,Latvia,1940,0.8776113839999999,0.6257190144769845,0.35904126578492945,0.5539561541617206,0.9367100149393082,0.8153180257215946,0.20036544904317355,0.5539561541617206
300,Latvia,1991,0.7931330400000001,0.6994974017991409,0.2958207156903023,0.6273676225822993,0.9706611502915621,0.8283333426334168,0.14226577768204485,0.6273676225822993
301,Lebanon,1926,0.0,0.0,0.0,0.0,0.0,0.0,0.0,0.0
302,Lesotho,1966,0.0,0.0,0.0,0.0,0.0,0.0,0.0,0.0
303,Lesotho,1983,0.11587910000000001,0.2340349591684946,0.18923828353610994,0.2544696465608276,0.1158791184425354,0.2340349591684946,0.18923828353610994,0.2544696465608276
304,Lesotho,1993,0.06079829999999997,0.1423339058563382,0.004723398218228758,0.0870930417351016,0.09993135929107666,0.2901482167978165,0.18368010266829338,0.0870930417351016
305,Liberia,1847,0.0,0.0,0.0,0.0,0.0,0.0,0.0,0.0
306,Liberia,1986,0.32705693999999996,0.5606518690289876,0.12101164189521729,0.3843219451241975,0.3270569443702698,0.5606518690289876,0.12101164189521729,0.3843219451241975
307,Libya,1951,0.0,0.0,0.0,0.0,0.0,0.0,0.0,0.0
308,Libya,2011,0.6322529299999999,0.7195898208222641,0.18744182560767364,0.6514591490582016,0.6322529315948486,0.7195898208222641,0.18744182560767364,0.6514591490582016
309,Liechtenstein,1818,0.0,0.0,0.0,0.0,0.0,0.0,0.0,0.0
310,Liechtenstein,1921,0.89740256,0.669477398730905,0.3070696312706366,0.6140107874954946,0.8974025622010231,0.669477398730905,0.3070696312706366,0.6140107874954946
311,Lithuania,1922,0.0,0.0,0.0,0.0,0.0,0.0,0.0,0.0
312,Lithuania,1928,0.04304266000000001,0.2605639645120589,0.027023687184543177,0.0919301752053965,0.043042659759521595,0.2605639645120589,0.027023687184543177,0.0919301752053965
313,Lithuania,1938,0.02335390000000004,0.2276479108719174,0.044468575576186,0.0974419504263087,0.04634261131286621,0.2917091503310771,0.06926046930560437,0.0974419504263087
314,Lithuania,1992,0.06988585000000003,0.3718328444044375,0.11356243062991966,0.1905146018481434,0.06258535385131836,0.3251068178113803,0.06449473363356362,0.1905146018481434
315,Luxembourg,1868,0.0,0.0,0.0,0.0,0.0,0.0,0.0,0.0
316,Macedonia,1991,0.0,0.0,0.0,0.0,0.0,0.0,0.0,0.0
317,Madagascar,1975,0.0,0.0,0.0,0.0,0.0,0.0,0.0,0.0
318,Madagascar,1992,0.6551956800000001,0.3402707169193782,0.03079593473387976,0.4017216006634642,0.6551956832408905,0.3402707169193782,0.03079593473387976,0.4017216006634642
319,Madagascar,1998,0.6641872,0.509265376505412,0.06278790972403125,0.5209681287429945,0.5968007147312164,0.3279619493002036,0.037150255273296184,0.5209681287429945
320,Madagascar,2010,0.66679227,0.5014832074481134,0.07296439477836203,0.6068821119967726,0.49709010124206543,0.1228077358493866,0.006018300612455563,0.6068821119967726
321,Malawi,1964,0.0,0.0,0.0,0.0,0.0,0.0,0.0,0.0
322,Malawi,1966,0.16263187,0.3433643909213828,0.06391370890433878,0.4871170365074708,0.16263186931610107,0.3433643909213828,0.06391370890433878,0.4871170365074708
323,Malawi,1994,0.19256604,0.6878630373186827,0.051143768629027586,0.6087485508812166,0.169117271900177,0.5026593416858252,0.1036314826286181,0.6087485508812166
324,Malaysia,1957,0.0,0.0,0.0,0.0,0.0,0.0,0.0,0.0
325,Maldives,1998,0.0,0.0,0.0,0.0,0.0,0.0,0.0,0.0
326,Maldives,2008,0.020347829999999956,0.2783459032574379,0.06621285386104359,0.3240621720462449,0.02034783363342285,0.2783459032574379,0.06621285386104359,0.3240621720462449
327,Mali,1969,0.0,0.0,0.0,0.0,0.0,0.0,0.0,0.0
328,Mali,1974,0.31014640000000004,0.1570453903132617,0.04717669580306638,0.1674803379360419,0.31014639139175415,0.1570453903132617,0.04717669580306638,0.1674803379360419
329,Mali,1992,0.5432845,0.2748768389780407,0.10818869127587194,0.2014834104549055,0.5350053608417511,0.3454572805625497,0.054916792337330045,0.2014834104549055
330,Malta,1964,0.0,0.0,0.0,0.0,0.0,0.0,0.0,0.0
331,Marshall Islands,1979,0.0,0.0,0.0,0.0,0.0,0.0,0.0,0.0
332,Mauritania,1961,0.0,0.0,0.0,0.0,0.0,0.0,0.0,0.0
333,Mauritania,1978,0.6332926999999999,0.4219162179097012,0.046834853349241645,0.2693822023981336,0.6332927048206329,0.4219162179097012,0.046834853349241645,0.2693822023981336
334,Mauritania,1985,0.90446025,0.4045486771773739,0.365682380488764,0.322982500089958,0.8909369334578515,0.5787887629057459,0.30876120157857645,0.322982500089958
335,Mauritania,1991,0.5866491,0.562861644202664,0.09032801352985143,0.3180009137657905,0.8941243663430214,0.6475175973717605,0.45449454992626326,0.3180009137657905
336,Mauritius,1968,0.0,0.0,0.0,0.0,0.0,0.0,0.0,0.0
337,Mexico,1824,0.0,0.0,0.0,0.0,0.0,0.0,0.0,0.0
338,Mexico,1836,0.55711657,0.5020273947782926,0.07026296421396283,0.408443391208764,0.5571165680885315,0.5020273947782926,0.07026296421396283,0.408443391208764
339,Mexico,1857,0.6335398,0.5189732013942641,0.037561537512284415,0.6999138790969103,0.722650945186615,0.7282770088234356,0.09104489902438517,0.6999138790969103
340,Mexico,1917,0.6278430500000001,0.5111385871348187,0.10413019017664049,0.6609651725460612,0.7009141445159912,0.4628047622044123,0.1072224794494161,0.6609651725460612
341,Micronesia,1981,0.0,0.0,0.0,0.0,0.0,0.0,0.0,0.0
342,Moldova,1978,0.0,0.0,0.0,0.0,0.0,0.0,0.0,0.0
343,Moldova,1994,0.9976176627,0.8108473990482453,0.06204375829361364,0.8310721108874821,0.9976176626514645,0.8108473990482453,0.06204375829361364,0.8310721108874821
344,Monaco,1962,0.0,0.0,0.0,0.0,0.0,0.0,0.0,0.0
345,Mongolia,1924,0.0,0.0,0.0,0.0,0.0,0.0,0.0,0.0
346,Mongolia,1940,0.89070527,0.3259062456340755,0.12427614993237723,0.3488029469137517,0.8907052725553513,0.3259062456340755,0.12427614993237723,0.3488029469137517
347,Mongolia,1960,0.93011675,0.3288761125108612,0.13697727750230904,0.3701888112412991,0.9592033326625824,0.0494549523674338,0.061166470866795164,0.3701888112412991
348,Mongolia,1992,0.95519391,0.6849381224675295,0.15288965061429804,0.6902266565307295,0.41647207736968994,0.7253957424692014,0.06872177074839203,0.6902266565307295
349,Montenegro,1905,0.0,0.0,0.0,0.0,0.0,0.0,0.0,0.0
350,Montenegro,1992,0.84934351,0.8247713523522072,0.11370926262786563,0.8139319873653268,0.8493435084819794,0.8247713523522072,0.11370926262786563,0.8139319873653268
351,Montenegro,2007,0.8367902,0.8202150196102956,0.1010909685779311,0.8193410735938195,0.1602763533592224,0.3321309332714235,0.033138951134573214,0.8193410735938195
352,Morocco,1962,0.0,0.0,0.0,0.0,0.0,0.0,0.0,0.0
353,Morocco,1970,0.4548656,0.2840955550724213,0.04193180918883799,0.4031944222012699,0.45486557483673096,0.2840955550724213,0.04193180918883799,0.4031944222012699
354,Morocco,1972,0.25663139999999995,0.1737584553091747,0.016370835479969426,0.1818811793923305,0.4289953112602234,0.1897925060482565,0.03650497766075478,0.1818811793923305
355,Morocco,2011,0.5202127999999999,0.5632507823899715,0.14965654103832216,0.72195098226851,0.4809434413909912,0.5115719067658854,0.16446065005148647,0.72195098226851
356,Mozambique,1975,0.0,0.0,0.0,0.0,0.0,0.0,0.0,0.0
357,Mozambique,1990,0.29374540000000005,0.3676422630726549,0.15275468700116268,0.3610858006651024,0.29374539852142334,0.3676422630726549,0.15275468700116268,0.3610858006651024
358,Mozambique,2004,0.84013222,0.4879383561644892,0.22889705320534326,0.3742679279656463,0.7774368971586227,0.2432307569355136,0.09700534683795536,0.3742679279656463
359,Myanmar,1947,0.0,0.0,0.0,0.0,0.0,0.0,0.0,0.0
360,Myanmar,1962,0.6456193299999999,0.6659218506784514,0.3081018992564276,0.7635874396159729,0.6456193327903748,0.6659218506784514,0.3081018992564276,0.7635874396159729
361,Myanmar,1974,0.93482429,0.7684344303027905,0.08959243891141944,0.8166570237905768,0.9198936298489571,0.6307980061729962,0.2524457876275247,0.8166570237905768
362,Myanmar,2008,0.983478762,0.8022149626158889,0.10787741173055387,0.8304725388987485,0.22961211204528809,0.5381826601139748,0.1798765020103752,0.8304725388987485
363,Namibia,1990,0.0,0.0,0.0,0.0,0.0,0.0,0.0,0.0
364,Nauru,1968,0.0,0.0,0.0,0.0,0.0,0.0,0.0,0.0
365,Nepal,1948,0.0,0.0,0.0,0.0,0.0,0.0,0.0,0.0
366,Nepal,1959,0.88595986,0.5552964427474778,0.0915864319926476,0.5150273694004883,0.8859598636627198,0.5552964427474778,0.0915864319926476,0.5150273694004883
367,Nepal,1962,0.77988707,0.3468675668452691,0.071779793284652,0.4007905156162569,0.7668918073177338,0.4495263746393009,0.024471484916214425,0.4007905156162569
368,Nepal,1990,0.86287242,0.3199427261357916,0.14016581942035145,0.4960043521402922,0.7392920553684235,0.2817215410412707,0.06285472029807238,0.4960043521402922
369,Nepal,2006,0.83486779,0.3608689148049265,0.23072081535598432,0.5401586651363733,0.3579961657524109,0.3595266022396282,0.098962310256274,0.5401586651363733
370,Netherlands,1795,0.0,0.0,0.0,0.0,0.0,0.0,0.0,0.0
371,Netherlands,1815,0.982725903,0.733811101107819,0.32859160325384795,0.7927069066049318,0.9827259033918381,0.733811101107819,0.32859160325384795,0.7927069066049318
372,New zealand,1852,0.0,0.0,0.0,0.0,0.0,0.0,0.0,0.0
373,Nicaragua,1858,0.0,0.0,0.0,0.0,0.0,0.0,0.0,0.0
374,Nicaragua,1893,0.56276625,0.1832512237265972,0.010886710132475219,0.2597674839493467,0.5627662539482117,0.1832512237265972,0.010886710132475219,0.2597674839493467
375,Nicaragua,1905,0.70108244,0.580277996115945,0.03310584470614675,0.4444220030799534,0.4911167025566101,0.4946715627429701,0.020046168853743773,0.4444220030799534
376,Nicaragua,1911,0.6319343,0.5611825455568924,0.026643994044485586,0.3957441610745855,0.5911080837249756,0.289573861500095,0.05162526565658443,0.3957441610745855
377,Nicaragua,1939,0.6061723800000001,0.4332563616939869,0.1069620221455928,0.5238978918685615,0.5201298296451569,0.4111104673714938,0.0742759869202112,0.5238978918685615
378,Nicaragua,1948,0.6406362999999999,0.5759184199053378,0.09878990632404516,0.5678578319545299,0.4711236357688904,0.3731088037665792,0.009504969773943994,0.5678578319545299
379,Nicaragua,1950,0.6245617299999999,0.5784893434312874,0.11558458994542509,0.6044904378832027,0.17027294635772705,0.0734281277763339,0.009163176167207965,0.6044904378832027
380,Nicaragua,1974,0.5909725,0.5671011772356779,0.14563423073706405,0.6231049256970047,0.35420167446136475,0.3083419859269224,0.013398892698433973,0.6231049256970047
381,Nicaragua,1987,0.74333066,0.6720473046370712,0.08684611184159419,0.792298970248485,0.5228961706161499,0.4651067294412928,0.09674258650896361,0.792298970248485
382,Niger,1960,0.0,0.0,0.0,0.0,0.0,0.0,0.0,0.0
383,Niger,1989,0.89566897,0.5699860147801724,0.04217074801526055,0.1086374727762862,0.8956689685583115,0.5699860147801724,0.04217074801526055,0.1086374727762862
384,Niger,1992,0.6428057300000001,0.5825218846544561,0.08398247758545196,0.5458819968746413,0.9389001876115799,0.4400845209134694,0.04653137703133081,0.5458819968746413
385,Niger,1996,0.6055686,0.6428621354363351,0.08815513151480725,0.5455722781863849,0.222592294216156,0.0917925021976539,0.0027481385953656012,0.5455722781863849
386,Niger,1999,0.57643545,0.6280148746496531,0.09965743139214955,0.5458158834408287,0.31321704387664795,0.0632325617961734,0.006796242680779163,0.5458158834408287
387,Niger,2010,0.7402925,0.7431631802567448,0.1512387380966288,0.8312656846649599,0.49788331985473633,0.1870675962150948,0.02418686065097797,0.8312656846649599
388,Nigeria,1960,0.0,0.0,0.0,0.0,0.0,0.0,0.0,0.0
389,Nigeria,1963,0.030388700000000046,0.0515392113602937,0.0071578551302790006,0.2751306334139497,0.030388712882995605,0.0515392113602937,0.0071578551302790006,0.2751306334139497
390,Nigeria,1978,0.16283566000000005,0.416974694914723,0.05586153918501735,0.2801596454719916,0.22823500633239746,0.4523937639116947,0.062399002586141616,0.2801596454719916
391,Nigeria,1989,0.16113763999999997,0.4172470778882356,0.06943106570916002,0.3218110514148642,0.04083627462387085,0.0172627641418926,0.0073965677054311785,0.3218110514148642
392,Nigeria,1999,0.24001189999999994,0.4167833363587415,0.07166519637525637,0.5429023614634259,0.06847643852233876,0.0243523234311052,0.0027856925705987967,0.5429023614634259
393,North Korea,1948,0.0,0.0,0.0,0.0,0.0,0.0,0.0,0.0
394,North Korea,1972,0.77176578,0.1837521032453043,0.05273526816059082,0.142670825786615,0.7717657834291458,0.1837521032453043,0.05273526816059082,0.142670825786615
395,North Korea,1998,0.47503644,0.2256352176756665,0.09127517086761838,0.2147874609254829,0.7241784632205963,0.1173818566002539,0.03155170894556725,0.2147874609254829
396,Norway,1814,0.0,0.0,0.0,0.0,0.0,0.0,0.0,0.0
397,Oman,1996,0.0,0.0,0.0,0.0,0.0,0.0,0.0,0.0
398,Pakistan,1956,0.0,0.0,0.0,0.0,0.0,0.0,0.0,0.0
399,Pakistan,1962,0.11484455999999998,0.1090214883171522,0.013156904758496402,0.2371090591887135,0.11484456062316895,0.1090214883171522,0.013156904758496402,0.2371090591887135
400,Pakistan,1973,0.17858200000000002,0.0477382573813698,0.008969030610436968,0.1978936537532837,0.21351760625839233,0.1277738451856443,0.009793756681319987,0.1978936537532837
401,Palau,1981,0.0,0.0,0.0,0.0,0.0,0.0,0.0,0.0
402,Panama,1904,0.0,0.0,0.0,0.0,0.0,0.0,0.0,0.0
403,Panama,1940,0.39453249999999995,0.4247056516763959,0.050996769580844425,0.3401846371619693,0.3945325016975403,0.4247056516763959,0.050996769580844425,0.3401846371619693
404,Panama,1946,0.80539662,0.4523496077294966,0.09440586425325204,0.5589197178523189,0.5155178606510162,0.3831030463172003,0.033328603670294,0.5589197178523189
405,Panama,1972,0.49955380000000005,0.5404719295887913,0.0868737777947648,0.659912729902561,0.40833407640457153,0.3279286432846011,0.013699563889297606,0.659912729902561
406,Papua New Guinea,1975,0.0,0.0,0.0,0.0,0.0,0.0,0.0,0.0
407,Paraguay,1813,0.0,0.0,0.0,0.0,0.0,0.0,0.0,0.0
408,Paraguay,1844,0.8073867299999999,0.6453213328572128,0.275620743719025,0.4966865969854248,0.807386726140976,0.6453213328572128,0.275620743719025,0.4966865969854248
409,Paraguay,1870,0.84529275,0.736841968575802,0.3183186597045893,0.5960996495403293,0.4112493395805359,0.5075064984267278,0.08352188040385156,0.5960996495403293
410,Paraguay,1940,0.898865476,0.7764520178939673,0.38464772641773615,0.7073438576967898,0.45363062620162964,0.5298752949761759,0.03212670682814123,0.7073438576967898
411,Paraguay,1967,0.917751074,0.8309822454380577,0.42564487848546595,0.7623086638953706,0.4863211512565613,0.3598411480788437,0.047472627464718586,0.7623086638953706
412,Paraguay,1992,0.92339726,0.8312122451124416,0.5029965022166588,0.7989632321779406,0.4673360586166382,0.2994247787956662,0.06924732673613998,0.7989632321779406
413,Peru,1822,0.0,0.0,0.0,0.0,0.0,0.0,0.0,0.0
414,Peru,1823,0.5548965299999999,0.4077143686257523,0.3867030993338407,0.3477130874623497,0.5548965334892273,0.4077143686257523,0.3867030993338407,0.3477130874623497
415,Peru,1826,0.883676484,0.4012781494581713,0.409713405416952,0.4617004335590567,0.80849027633667,0.2252521109106328,0.035967551959775634,0.4617004335590567
416,Peru,1828,0.78377429,0.3752250592077873,0.4165171882253018,0.4563795083057735,0.6167624592781067,0.1998363346755227,0.029548259380391406,0.4563795083057735
417,Peru,1839,0.77969617,0.4049928728112299,0.42977267703567235,0.4624788272670078,0.3970402479171753,0.1295528954250452,0.005622157702568797,0.4624788272670078
418,Peru,1856,0.83159843,0.4481328028767026,0.3993752835208819,0.454798532061084,0.429002046585083,0.153050495044527,0.04104739469315122,0.454798532061084
419,Peru,1860,0.78445196,0.4730149318957257,0.4035425894883422,0.4798139428852501,0.35996073484420776,0.055460610346562,0.009782148545831149,0.4798139428852501
420,Peru,1867,0.7977377999999999,0.4800193825176049,0.40299624818509405,0.4853591514290053,0.4628676772117615,0.0680616160914226,0.010703190876558577,0.4853591514290053
421,Peru,2009,0.8397900899999999,0.7302953340849626,0.5232621873354164,0.8229771521093382,0.6520476937294006,0.7423212031347024,0.13263500828348873,0.8229771521093382
422,Philippines,1899,0.0,0.0,0.0,0.0,0.0,0.0,0.0,0.0
423,Philippines,1935,0.63084167,0.4813724331119937,0.05665845725516361,0.6165791255598192,0.6308416724205017,0.4813724331119937,0.05665845725516361,0.6165791255598192
424,Philippines,1943,0.76661554,0.3580624619315965,0.06076910132761204,0.5532955296768801,0.5054303109645844,0.3263111844915802,0.046628052984291624,0.5532955296768801
425,Philippines,1973,0.84513916,0.4805483558271027,0.08833055599517758,0.6355740189700722,0.050517737865448,0.3222655787612419,0.09682634416335656,0.6355740189700722
426,Poland,1921,0.0,0.0,0.0,0.0,0.0,0.0,0.0,0.0
427,Poland,1935,0.960366327,0.2905199322436339,0.021293041047382832,0.4510478869310529,0.960366327315569,0.2905199322436339,0.021293041047382832,0.4510478869310529
428,Poland,1947,0.95093122,0.374004014907798,0.1563394931807719,0.3755819843011118,0.9416358731687069,0.2589389151235957,0.15803294374889376,0.3755819843011118
429,Poland,1952,0.87783384,0.6675599392042785,0.07182052126522065,0.589859731825261,0.8757977634668351,0.6385063400162894,0.14300013858203753,0.589859731825261
430,Poland,1976,0.87501177,0.7370116605211485,0.07060861181714395,0.6446814969986928,0.297565221786499,0.2057148630666531,0.015975523591462815,0.6446814969986928
431,Poland,1992,0.86882313,0.5333386483026952,0.08950286364710403,0.46180153885372,0.8834764510393143,0.7167137991761456,0.13141322288071478,0.46180153885372
432,Poland,1997,0.19551145999999997,0.4979269593929384,0.13705906797598955,0.388254395903049,0.6578510403633118,0.403466408341687,0.13091247585534782,0.388254395903049
433,Portugal,1911,0.0,0.0,0.0,0.0,0.0,0.0,0.0,0.0
434,Portugal,1976,0.66398332,0.8150825903883638,0.16280580607599515,0.7498201646879703,0.6639833152294159,0.8150825903883638,0.16280580607599515,0.7498201646879703
435,Qatar,2003,0.0,0.0,0.0,0.0,0.0,0.0,0.0,0.0
436,Romania,1948,0.0,0.0,0.0,0.0,0.0,0.0,0.0,0.0
437,Romania,1952,0.91045165,0.4667508090604237,0.055698516329678815,0.3644803005721836,0.910451650619507,0.4667508090604237,0.055698516329678815,0.3644803005721836
438,Romania,1965,0.94553996,0.3213310562100261,0.07641029183871817,0.2996542081721064,0.9598021022975445,0.4134807818904302,0.04957913241590195,0.2996542081721064
439,Romania,1991,0.9936308023,0.8321897687032318,0.1497859474125114,0.7760616733065429,0.28125929832458496,0.7571425868815328,0.06820457962669924,0.7760616733065429
440,Russia,1905,0.0,0.0,0.0,0.0,0.0,0.0,0.0,0.0
441,Russia,1918,0.82635921,0.7342642436816653,0.188916078931339,0.7483508861610939,0.826359212398529,0.7342642436816653,0.188916078931339,0.7483508861610939
442,Russia,1924,0.9936494934,0.8026627557367222,0.1952865204792753,0.7564942680787629,0.8082801699638367,0.6718529985950732,0.14476907983640797,0.7564942680787629
443,Russia,1936,0.992049024,0.7266684014040105,0.13584167746882103,0.7505656516857393,0.9046149998903275,0.6077393073408858,0.10579785278004195,0.7505656516857393
444,Russia,1977,0.9961824722,0.805969328412676,0.17502545423266402,0.7722109122618449,0.10658246278762817,0.3243152520751632,0.06079198781522477,0.7722109122618449
445,Russia,1993,0.6702528,0.7121900068157782,0.22749051398442255,0.8261795564489177,0.992390555329621,0.8138311925132458,0.1491434804180809,0.8261795564489177
446,Rwanda,1962,0.0,0.0,0.0,0.0,0.0,0.0,0.0,0.0
447,Rwanda,1978,0.61284837,0.4903372850347456,0.03811156821151285,0.4261635442375058,0.6128483712673187,0.4903372850347456,0.03811156821151285,0.4261635442375058
448,Rwanda,2003,0.4028748,0.723698127877414,0.12388819918441663,0.7446211581227862,0.5774283409118652,0.4945193561973784,0.15323528798997554,0.7446211581227862
449,Saint Kitts and Nevis,1983,0.0,0.0,0.0,0.0,0.0,0.0,0.0,0.0
450,Saint Lucia,1978,0.0,0.0,0.0,0.0,0.0,0.0,0.0,0.0
451,Saint Vincent and the Grenadines,1979,0.0,0.0,0.0,0.0,0.0,0.0,0.0,0.0
452,Samoa,1962,0.0,0.0,0.0,0.0,0.0,0.0,0.0,0.0
453,Sao Tome and Principe,1975,0.0,0.0,0.0,0.0,0.0,0.0,0.0,0.0
454,Saudi Arabia,1926,0.0,0.0,0.0,0.0,0.0,0.0,0.0,0.0
455,Saudi Arabia,1992,0.62628284,0.6221168776110879,0.10964881167540486,0.3706153977335465,0.6262828409671783,0.6221168776110879,0.10964881167540486,0.3706153977335465
456,Senegal,1963,0.0,0.0,0.0,0.0,0.0,0.0,0.0,0.0
457,Senegal,2001,0.41277660000000005,0.5462124216697514,0.03899271318511077,0.3442721567426867,0.4127765893936157,0.5462124216697514,0.03899271318511077,0.3442721567426867
458,Seychelles,1979,0.0,0.0,0.0,0.0,0.0,0.0,0.0,0.0
459,Seychelles,1993,0.14512460000000005,0.2703033666225354,0.08953288709990403,0.285332497775997,0.145124614238739,0.2703033666225354,0.08953288709990403,0.285332497775997
460,Sierra Leone,1961,0.0,0.0,0.0,0.0,0.0,0.0,0.0,0.0
461,Sierra Leone,1978,0.10863423000000005,0.3669705257143791,0.04836474444317318,0.604202522633907,0.10863423347473145,0.3669705257143791,0.04836474444317318,0.604202522633907
462,Sierra Leone,1991,0.12172479999999997,0.4687681830376351,0.0734107053555898,0.6167066142185154,0.02638256549835205,0.1832930659284582,0.008834363943303947,0.6167066142185154
463,Singapore,1958,0.0,0.0,0.0,0.0,0.0,0.0,0.0,0.0
464,Slovakia,1992,0.0,0.0,0.0,0.0,0.0,0.0,0.0,0.0
465,Slovenia,1991,0.0,0.0,0.0,0.0,0.0,0.0,0.0,0.0
466,Solomon Islands,1978,0.0,0.0,0.0,0.0,0.0,0.0,0.0,0.0
467,Somalia,1960,0.0,0.0,0.0,0.0,0.0,0.0,0.0,0.0
468,Somalia,1979,0.69450086,0.6530863024915197,0.04967293685362961,0.5775139727357013,0.6945008635520935,0.6530863024915197,0.04967293685362961,0.5775139727357013
469,Somalia,2012,0.85712384,0.766160038432351,0.13037253795744974,0.7713550409338094,0.9367435351014138,0.7607551152473844,0.14476361998656806,0.7713550409338094
470,South Africa,1961,0.0,0.0,0.0,0.0,0.0,0.0,0.0,0.0
471,South Africa,1983,0.3876125,0.315988571084051,0.028679087413782778,0.2241898919374539,0.387612521648407,0.315988571084051,0.028679087413782778,0.2241898919374539
472,South Africa,1993,0.45340245999999995,0.5073055965174286,0.17785340921792747,0.602001392811691,0.5480028986930847,0.4452535021332011,0.14424138118295193,0.602001392811691
473,South Africa,1996,0.5441984799999999,0.5395346522617532,0.1598313746810569,0.618767438121044,0.25762104988098145,0.124110611743857,0.024072669991394013,0.618767438121044
474,South Korea,1948,0.0,0.0,0.0,0.0,0.0,0.0,0.0,0.0
475,South Korea,1987,0.6330504699999999,0.495100243032061,0.06685724596693077,0.3030384245616548,0.6330504715442657,0.495100243032061,0.06685724596693077,0.3030384245616548
476,South Sudan,2011,0.0,0.0,0.0,0.0,0.0,0.0,0.0,0.0
477,Spain,1808,0.0,0.0,0.0,0.0,0.0,0.0,0.0,0.0
478,Spain,1812,0.82432488,0.3504624321887255,0.11242903737605603,0.2505954224434972,0.8243248760700226,0.3504624321887255,0.11242903737605603,0.2505954224434972
479,Spain,1834,0.85809936,0.5695350259621699,0.16296982173075403,0.3176977395050362,0.27595049142837524,0.4602312723086611,0.25510073484902707,0.3176977395050362
480,Spain,1837,0.3532602,0.3391487205328266,0.11200017428502451,0.2116083346743508,0.8693637400865555,0.4738878644878997,0.13981010525069515,0.2116083346743508
481,Spain,1845,0.83732937,0.4208823995344777,0.12936851620758505,0.3413858930448123,0.7494845986366272,0.4222159420854887,0.05390299181659919,0.3413858930448123
482,Spain,1869,0.75010084,0.5256356160909573,0.048798954428850405,0.3246653566734118,0.20162737369537354,0.4651354027056131,0.06398126644437396,0.3246653566734118
483,Spain,1876,0.62180144,0.4150637630517528,0.02528738895884719,0.3329656122335913,0.20841997861862183,0.4512205056407914,0.03317421462650216,0.3329656122335913
484,Spain,1931,0.52986977,0.6306889070429581,0.11682813431754291,0.5729275424890473,0.7934010773897171,0.6365503895974205,0.11061889990153728,0.5729275424890473
485,Spain,1967,0.90810608,0.7614994613735726,0.1858771624930552,0.432249205656225,0.8844558820128441,0.5586507274672455,0.1208006492138598,0.432249205656225
486,Spain,1978,0.80992217,0.6485993057046116,0.1517498585208379,0.6377334353693397,0.5241478085517883,0.4813220657539357,0.0361785940866286,0.6377334353693397
487,Sri Lanka,1931,0.0,0.0,0.0,0.0,0.0,0.0,0.0,0.0
488,Sri Lanka,1946,0.45179945,0.3809656826230929,0.02963332118622597,0.3811436313226573,0.4517994523048401,0.3809656826230929,0.02963332118622597,0.3811436313226573
489,Sri Lanka,1972,0.88965533,0.8221369119331908,0.08715227227400124,0.7706307102307847,0.8960674777626992,0.7949300479703083,0.07353129531590596,0.7706307102307847
490,Sri Lanka,1978,0.88080624,0.8213321706228985,0.1297914903675963,0.8220337963329177,0.22242295742034912,0.4286557381444663,0.0841080352686,0.8220337963329177
491,Sudan,1973,0.0,0.0,0.0,0.0,0.0,0.0,0.0,0.0
492,Sudan,1998,0.6206208,0.7017141811143115,0.03254092546137877,0.4745092037737949,0.6206207871437073,0.7017141811143115,0.03254092546137877,0.4745092037737949
493,Sudan,2005,0.48709480000000005,0.7920647339808546,0.18458258533751115,0.7795501795598104,0.6176598966121674,0.3590156998110252,0.12920921335426172,0.7795501795598104
494,Suriname,1987,0.0,0.0,0.0,0.0,0.0,0.0,0.0,0.0
495,Swaziland,1968,0.0,0.0,0.0,0.0,0.0,0.0,0.0,0.0
496,Swaziland,2005,0.15070439999999996,0.4362009209676497,0.03210179473127761,0.3878653560751602,0.15070438385009766,0.4362009209676497,0.03210179473127761,0.3878653560751602
497,Sweden,1809,0.0,0.0,0.0,0.0,0.0,0.0,0.0,0.0
498,Sweden,1974,0.08296519999999996,0.5247693554278672,0.21643417067735926,0.6034322466478355,0.0829651951789856,0.5247693554278672,0.21643417067735926,0.6034322466478355
499,Switzerland,1848,0.0,0.0,0.0,0.0,0.0,0.0,0.0,0.0
500,Switzerland,1874,0.26406026000000005,0.000924879847201,0.024613701720415215,0.2669746572415735,0.26406025886535645,0.000924879847201,0.024613701720415215,0.2669746572415735
501,Switzerland,1999,0.18268573,0.8131771200542425,0.10038968398455506,0.4079195289917894,0.37055426836013794,0.8131922194004069,0.0879181253127832,0.4079195289917894
502,Syria,1930,0.0,0.0,0.0,0.0,0.0,0.0,0.0,0.0
503,Syria,1950,0.45832720000000005,0.3326360355576472,0.09385187432563324,0.3931089994685814,0.45832717418670654,0.3326360355576472,0.09385187432563324,0.3931089994685814
504,Syria,1953,0.43456614000000005,0.3506088674373226,0.11138401805146225,0.3921243495086121,0.39301323890686035,0.284100996835377,0.017835664896007408,0.3921243495086121
505,Syria,1973,0.7136847,0.4694295566766954,0.08943857022534163,0.5697442124969527,0.7290775179862976,0.3774276474274578,0.06171654679580141,0.5697442124969527
506,Syria,2012,0.77621993,0.5829901253271301,0.09182178955830855,0.6686982205550721,0.5403990149497986,0.5016941040505437,0.029752088306855606,0.6686982205550721
507,Taiwan,1947,0.0,0.0,0.0,0.0,0.0,0.0,0.0,0.0
508,Tajikistan,1994,0.0,0.0,0.0,0.0,0.0,0.0,0.0,0.0
509,Tanzania,1961,0.0,0.0,0.0,0.0,0.0,0.0,0.0,0.0
510,Tanzania,1962,0.16908230000000002,0.1874375040487433,0.05238983031702882,0.6141453375490903,0.16908228397369385,0.1874375040487433,0.05238983031702882,0.6141453375490903
511,Tanzania,1977,0.81696633,0.5968552001944532,0.04592455767688841,0.8254674544567783,0.6272401213645935,0.6030306549599121,0.09088603119166705,0.8254674544567783
512,Tanzania,1985,0.908146515,0.7262530744687791,0.07058064665900399,0.8251805678414402,0.29977947473526,0.4425435900366076,0.02533947970041761,0.8251805678414402
513,Thailand,1932,0.0,0.0,0.0,0.0,0.0,0.0,0.0,0.0
514,Thailand,1949,0.84781002,0.4368280120542727,0.09180024560084643,0.3678895372691993,0.8478100150823594,0.4368280120542727,0.09180024560084643,0.3678895372691993
515,Thailand,1968,0.51322186,0.4183791810377567,0.08001534645470365,0.3722952582963681,0.7054452002048492,0.2887248696501234,0.013566401640885628,0.3722952582963681
516,Thailand,1974,0.54770395,0.4664056487215342,0.11846428564297362,0.4161682435521309,0.1358850598335266,0.1831384044272081,0.03203510370140683,0.4161682435521309
517,Thailand,1976,0.72804186,0.3345638958192609,0.19245885787982342,0.3549931026060878,0.45698654651641846,0.2901841003289483,0.24593261746585227,0.3549931026060878
518,Thailand,1978,0.51638246,0.4506582002935498,0.11246492618604909,0.4053603831817587,0.5300190448760986,0.2598251618729007,0.24233610499908576,0.4053603831817587
519,Thailand,1997,0.58429524,0.4843138686951011,0.21588118550660962,0.4270200303288394,0.21915322542190552,0.176803035114633,0.10558377448898348,0.4270200303288394
520,Thailand,2007,0.78210457,0.5085198391182846,0.244674599410301,0.4378857164602186,0.44952476024627686,0.1634408777409414,0.018950578933350948,0.4378857164602186
521,Thailand,2014,0.80262728,0.4551681462261178,0.12009584438481224,0.3754830025180345,0.7282358407974243,0.3216963160929705,0.22597334508372946,0.3754830025180345
522,Tibet,1991,0.0,0.0,0.0,0.0,0.0,0.0,0.0,0.0
523,Togo,1960,0.0,0.0,0.0,0.0,0.0,0.0,0.0,0.0
524,Togo,1979,0.20333606000000004,0.4305404520291154,0.19520699474474568,0.3587511988336095,0.20333606004714966,0.4305404520291154,0.19520699474474568,0.3587511988336095
525,Togo,1992,0.27907780000000004,0.4095592695574799,0.3057088118203328,0.3792113537850727,0.21882212162017822,0.4340095244913908,0.20782374291437022,0.3792113537850727
526,Tonga,1875,0.0,0.0,0.0,0.0,0.0,0.0,0.0,0.0
527,Trinidad and Tobago,1962,0.0,0.0,0.0,0.0,0.0,0.0,0.0,0.0
528,Trinidad and Tobago,1976,0.05712914000000002,0.1065684839565371,0.010909584000036832,0.256440724743269,0.05712914466857921,0.1065684839565371,0.010909584000036832,0.256440724743269
529,Tunisia,1959,0.0,0.0,0.0,0.0,0.0,0.0,0.0,0.0
530,Tunisia,2011,0.6373129,0.6279043901488366,0.08269770848079683,0.3622038620469948,0.6373128890991211,0.6279043901488366,0.08269770848079683,0.3622038620469948
531,Tunisia,2014,0.5937774499999999,0.7305720863075584,0.18602531030048497,0.467964643265527,0.6590202748775482,0.4534135425950539,0.15943972650015015,0.467964643265527
532,Turkey,1876,0.0,0.0,0.0,0.0,0.0,0.0,0.0,0.0
533,Turkey,1921,0.91917761,0.831322488994223,0.3113730362361883,0.7519161659204737,0.9191776067018509,0.831322488994223,0.3113730362361883,0.7519161659204737
534,Turkey,1924,0.90042548,0.6502013059817117,0.08248923515839324,0.636095402926621,0.48542845249176025,0.6087865678272897,0.19521195191358875,0.636095402926621
535,Turkey,1945,0.7471632699999999,0.4976162713250002,0.06596025295002217,0.6384318874009758,0.41042423248291016,0.4817633980529544,0.02039300341153283,0.6384318874009758
536,Turkey,1961,0.81270094,0.5598173278654929,0.128476362859134,0.7418102258476699,0.18874424695968628,0.4117348220844193,0.15002481137242485,0.7418102258476699
537,Turkey,1982,0.89810957,0.7564980817217057,0.19850723459535902,0.7806889309092747,0.25831514596939087,0.4795202957895889,0.051720869555530014,0.7806889309092747
538,Turkmenistan,1992,0.0,0.0,0.0,0.0,0.0,0.0,0.0,0.0
539,Turkmenistan,2008,0.57230985,0.7372090460784744,0.15857381353536237,0.2493890968979046,0.5723098516464233,0.7372090460784744,0.15857381353536237,0.2493890968979046
540,Tuvalu,1978,0.0,0.0,0.0,0.0,0.0,0.0,0.0,0.0
541,Tuvalu,1986,0.05709635999999996,0.3234930304066883,0.05194921674562081,0.4545276725159933,0.05709636211395264,0.3234930304066883,0.05194921674562081,0.4545276725159933
542,Uganda,1967,0.0,0.0,0.0,0.0,0.0,0.0,0.0,0.0
543,Uganda,1995,0.28442687,0.2703666180807399,0.042542248922703196,0.3807672215814614,0.28442686796188354,0.2703666180807399,0.042542248922703196,0.3807672215814614
544,Ukraine,1978,0.0,0.0,0.0,0.0,0.0,0.0,0.0,0.0
545,Ukraine,1996,1.0,0.8324159977319209,0.36421544690798413,0.8302623488479149,1.0,0.8324159977319209,0.36421544690798413,0.8302623488479149
546,United Arab Emirates,1971,0.0,0.0,0.0,0.0,0.0,0.0,0.0,0.0
547,United states,1789,0.0,0.0,0.0,0.0,0.0,0.0,0.0,0.0
548,Uruguay,1830,0.0,0.0,0.0,0.0,0.0,0.0,0.0,0.0
549,Uruguay,1918,0.07092535,0.2305685086055494,0.0242746116192174,0.2365732025680829,0.07092535495758057,0.2305685086055494,0.0242746116192174,0.2365732025680829
550,Uruguay,1952,0.8830031899999999,0.666046097133849,0.20819934654850158,0.5914979789088696,0.8879224509000779,0.6082479373443789,0.14095032107264582,0.5914979789088696
551,Uruguay,1966,0.8560612,0.6612815520577593,0.20177174048351942,0.5821614051399149,0.32953691482543945,0.0890799793859365,0.006004051557632839,0.5821614051399149
552,Uzbekistan,1992,0.0,0.0,0.0,0.0,0.0,0.0,0.0,0.0
553,Vanuatu,1979,0.0,0.0,0.0,0.0,0.0,0.0,0.0,0.0
554,Vanuatu,1980,0.03118350000000003,0.0090094242091729,0.0053433587126582305,0.0666467547236234,0.031183481216430775,0.0090094242091729,0.0053433587126582305,0.0666467547236234
555,Venezuela,1830,0.0,0.0,0.0,0.0,0.0,0.0,0.0,0.0
556,Venezuela,1858,0.48326223999999995,0.1818460103163437,0.04711169017162764,0.1842045743643601,0.48326224088668823,0.1818460103163437,0.04711169017162764,0.1842045743643601
557,Venezuela,1864,0.57761526,0.4441928842845418,0.10181323577183798,0.5700698756785938,0.5288042724132538,0.3264380870538465,0.03628864653703723,0.5700698756785938
558,Venezuela,1874,0.6128853000000001,0.4749037532169701,0.07410777310693917,0.5954284090929578,0.37861400842666626,0.0690350720909018,0.013385094987998447,0.5954284090929578
559,Venezuela,1881,0.6417595700000001,0.5065988268996405,0.0686926751278224,0.6016549643258418,0.21536940336227417,0.1584270681900872,0.006654367575831599,0.6016549643258418
560,Venezuela,1891,0.67611542,0.5869927377381541,0.09802475767099739,0.6816747446232606,0.240179181098938,0.2706176314551146,0.01269157029964696,0.6816747446232606
561,Venezuela,1893,0.60030863,0.4997368060245703,0.04632028045462777,0.6024066734121971,0.33073896169662476,0.2673212475115795,0.024435800091229254,0.6024066734121971
562,Venezuela,1901,0.69795436,0.671440915781249,0.04704157826922717,0.7474770858278483,0.2827674150466919,0.2421362961200429,0.006678928727647193,0.7474770858278483
563,Venezuela,1904,0.7151342,0.662520559459741,0.059601214607961195,0.7464640995332938,0.29026997089385986,0.1911281004916802,0.009493945866879572,0.7464640995332938
564,Venezuela,1909,0.65840587,0.6079380994142589,0.03794399191122644,0.729245497663001,0.281421959400177,0.2357261810304705,0.010896313526570833,0.729245497663001
565,Venezuela,1914,0.668941,0.6273536709847782,0.05700458161358002,0.7490324405483841,0.14696121215820312,0.0311067069391177,0.006039590890875579,0.7490324405483841
566,Venezuela,1922,0.6744444,0.6260248364954211,0.05656812157156921,0.7492583255720588,0.008705377578735352,0.0026758903250925,0.00034872431190979825,0.7492583255720588
567,Venezuela,1925,0.7157667,0.6852611152668753,0.03931294561822196,0.7437366815076346,0.14730679988861084,0.1770269652485297,0.011788618038725995,0.7437366815076346
568,Venezuela,1928,0.7353729600000001,0.6944810632481723,0.03961341439091737,0.7547658222843973,0.16024023294448853,0.1118431184337293,0.004603470089087569,0.7547658222843973
569,Venezuela,1929,0.72689766,0.6943851458875246,0.035452183877461185,0.756154769201821,0.03901946544647217,0.0024341277315016,0.0012147778279347765,0.756154769201821
570,Venezuela,1931,0.72467366,0.6943807037558752,0.03703033300325875,0.7561240212269491,0.012329757213592418,9.584661329364948e-05,0.00022987365650439795,0.7561240212269491
571,Venezuela,1936,0.72659677,0.6944029355889118,0.02796485365409962,0.7457917189945658,0.1719881296157837,0.0007359133854779,0.010690753768429206,0.7457917189945658
572,Venezuela,1947,0.6411089999999999,0.7012569620259438,0.07526164004034241,0.7585635164648942,0.45713984966278076,0.273146529014791,0.040281056071981625,0.7585635164648942
573,Venezuela,1953,0.70959386,0.6962909457701565,0.07795238673770244,0.7452657776987577,0.3962785601615906,0.2672647186147959,0.08533796955249562,0.7452657776987577
574,Venezuela,1961,0.69418874,0.7026010892634278,0.056260501688773945,0.7638782452720699,0.42273056507110596,0.3156692492749657,0.08537526942684959,0.7638782452720699
575,Venezuela,1999,0.6791673,0.7608604486138454,0.1850517884026014,0.7800777565503588,0.6653501093387604,0.483743979517612,0.09015757468304741,0.7800777565503588
576,Vietnam,1960,0.0,0.0,0.0,0.0,0.0,0.0,0.0,0.0
577,Vietnam,1980,0.88542956,0.2400318625777177,0.05265152416165997,0.2534919500157955,0.8854295611381531,0.2400318625777177,0.05265152416165997,0.2534919500157955
578,Vietnam,1992,0.890916996,0.2632287717412943,0.05695867899102125,0.2287969861512218,0.271511971950531,0.2425138059599113,0.018550613036034003,0.2287969861512218
579,Yemen Arab Republic,1970,0.0,0.0,0.0,0.0,0.0,0.0,0.0,0.0
580,Yemen Arab Republic,1991,0.9132888,0.64750102797909,0.06557947292125943,0.6631846618133683,0.913288801908493,0.64750102797909,0.06557947292125943,0.6631846618133683
581,Yugoslavia,1921,0.0,0.0,0.0,0.0,0.0,0.0,0.0,0.0
582,Yugoslavia,1931,0.7381825,0.4840822873587178,0.035464635480350615,0.4537620768578994,0.7381824851036072,0.4840822873587178,0.035464635480350615,0.4537620768578994
583,Yugoslavia,1946,0.951667365,0.6323668712237538,0.07430206060102817,0.6714080127757899,0.9549923986196518,0.7097818392726508,0.0896758593977044,0.6714080127757899
584,Yugoslavia,1953,0.950153828,0.6718408886434106,0.10050232469328924,0.7220752711299723,0.6367323994636536,0.3333729953812874,0.04797671810985915,0.7220752711299723
585,Yugoslavia,1963,0.96567657,0.7729272411545044,0.16754377345498905,0.7910044385620506,0.24167543649673462,0.5423322006310277,0.10464782880666035,0.7910044385620506
586,Yugoslavia,1974,0.959585086,0.8213624683283924,0.25572777792300183,0.8281187127364641,0.388438880443573,0.2992625102421457,0.0737942762117092,0.8281187127364641
587,Yugoslavia,1992,0.987149764,0.759922472299706,0.09154466483231438,0.7415465771404158,0.43487781286239624,0.6311343984223311,0.19866845601339944,0.7415465771404158
588,Yugoslavia,2003,0.957569312,0.7682239640054344,0.1050985607265571,0.7279291638351655,0.9331740364432335,0.5798239873727017,0.10485915164437087,0.7279291638351655
589,Yugoslavia,2006,0.9291597,0.7317031792876473,0.13339767551498294,0.6871878345695247,0.35482990741729736,0.4018986285962438,0.08737890291379358,0.6871878345695247
590,Zambia,1964,0.0,0.0,0.0,0.0,0.0,0.0,0.0,0.0
591,Zambia,1973,0.47490495,0.1107000822592682,0.00708344806061445,0.0534678352646791,0.47490495443344116,0.1107000822592682,0.00708344806061445,0.0534678352646791
592,Zambia,1991,0.08626484999999995,0.1482686852155303,0.009546910404904851,0.2020293373905972,0.48667025566101074,0.1210004077601064,0.017750700996041036,0.2020293373905972
593,Zimbabwe,1965,0.0,0.0,0.0,0.0,0.0,0.0,0.0,0.0
594,Zimbabwe,1969,0.47482179999999996,0.3709429384265142,0.03265914422727001,0.3295738410361128,0.4748218059539795,0.3709429384265142,0.03265914422727001,0.3295738410361128
595,Zimbabwe,1979,0.922396295,0.508759920599936,0.02467983979979016,0.4598125398059892,0.7630420476198196,0.43524754934481,0.04101707558205603,0.4598125398059892
596,Zimbabwe,2013,0.944452602,0.8246794945030885,0.092030721384043,0.6888777515689152,0.10674643516540527,0.6254284820440191,0.058682568038370575,0.6888777515689152
